lsoa,air_quality,house_price,job_accessibility,greenspace_accessibility
E01008162,17.03477323162094,7.499557388839004,4647.794695367204,419859.9834900081
E01008163,17.247943838743947,7.323207654411035,8156.626701725169,500706.94496667734
E01008164,16.93231577133151,7.328510657661681,2345.874723376067,465797.3010600102
E01008165,16.895853989768902,7.314523940089719,3200.29496729022,345752.20821999304
E01008166,17.303059162706507,7.4852028827006905,13149.885908699165,173323.30055000493
E01008167,17.623189374875594,7.251268814468979,8621.418792865668,377299.2624200161
E01008168,17.279922950590134,7.553351908720652,12274.354141680342,195206.2982000076
E01008169,17.24519134118912,7.341871391563115,9217.563941183118,541988.510470018
E01008170,17.73510975183929,7.2891482881634495,5817.998265079613,481272.0576250147
E01008171,17.420592754595674,7.3251713512366035,5669.95595816316,646483.3178100295
E01008172,17.268581154761957,7.812206144233497,1326.3527038797167,37074.1360083393
E01008173,15.669683270207306,7.781861668720079,860.4436171845551,48201.520890011416
E01008174,15.184921510442992,7.863500547129142,1237.218611375955,80522.08924998473
E01008175,15.027959236812706,7.856506894571581,2111.3885435114616,128589.63909998648
E01008176,17.004511274185226,7.829479309950365,513.2967082268151,47823.91315999422
E01008177,13.786633327658114,7.805294350362691,2695.8034367375994,416578.6115499969
E01008178,13.947766984205122,7.82131747519075,2488.599896468975,584493.7105199978
E01008179,13.139601048076454,8.053188759294473,1692.937230800414,167207.64393751565
E01008180,13.38768951539555,7.7857650475777165,2152.46029385816,237524.45050000952
E01008181,13.941892467890607,7.876452061544081,821.142373962384,1634927.0259599793
E01008182,13.817280211749589,7.822732213474574,1507.9917776663208,489986.13714165956
E01008183,12.472778199073556,7.968567559883766,184.79999999999995,52166.943639994635
E01008184,12.843935307208431,8.036715112500932,650.6,547109.0902499962
E01008185,12.998879508774525,7.937698407409383,743.0,559860.484319995
E01008186,12.650807830686611,7.665676562052124,1298.9452531199927,96937.98284998504
E01008187,12.212288988921243,7.830298711283038,1137.7599283676875,64139.34514999108
E01008188,12.567235295358946,8.010384009885865,348.8,1284485.4595900092
E01008189,14.979473354109242,7.63159029054269,1035.060295022868,88268.17741999583
E01008190,14.900307889414634,7.8242048481131174,955.7671884067219,150343.79950999323
E01008191,14.332517074485127,7.822062989232009,949.6299102065723,132526.14570831988
E01008192,17.67521736521786,7.7292575957626095,1771.7971526651588,224275.34850999355
E01008193,17.03768119415867,7.768882619004857,2600.941591041866,92058.31257499565
E01008194,16.72621283144347,7.614360496121461,1625.3323891689229,87953.33485999702
E01008195,12.383279678336672,7.980571385484822,1068.5648971136043,57874.45995712727
E01008196,12.283890259034992,7.949113834547225,435.0,65989.20597857531
E01008197,12.619006964752815,7.8848794587201745,791.6901923253082,125902.63056666205
E01008198,12.606690985044176,7.8782051466998215,1053.7328803989672,161813.85998000065
E01008199,12.833281828496817,7.869903899257149,1260.856113015106,165417.20899000028
E01008200,12.593697049798543,7.94667029141136,528.9286356984055,27284.08044000029
E01008201,16.973507148165137,7.290784707193696,6194.875027347005,694669.0571699783
E01008202,16.79484319513476,7.393555409697242,3388.655183695108,516377.4509999729
E01008203,17.819091622174632,7.228207123925464,6794.756543216914,553394.8480250072
E01008204,16.8281669539472,7.3160004723107415,2795.949932146102,656816.0359499931
E01008205,17.555964836318815,7.498344179365384,4514.614738601692,560414.8293900038
E01008206,15.63895082206139,7.777953368078344,1982.68211954693,156978.71159999128
E01008207,14.456471546598868,7.846934910572142,1507.679094145457,158887.68395998568
E01008208,15.466645137197602,7.656499388847266,1769.0108604532998,119503.86937498576
E01008209,18.5698640020085,7.513104657949314,1264.1578884064543,103029.33901426765
E01008210,19.016238941947854,7.504876400943722,511.88857125434436,200702.00647998028
E01008211,18.07717371692112,7.602503760711386,1835.3657167707436,251228.86678331776
E01008212,17.040475329740904,7.426117963279187,2669.4254237724717,540618.5011249847
E01008213,16.990151418245564,7.429992574253783,2027.6163715447,574407.8986200014
E01008214,17.06849789807881,7.644969480490792,3160.831275979424,473620.31875001657
E01008215,17.124071746696103,7.53058161822538,2955.24522069393,518049.2129750053
E01008216,17.03724908219839,7.480040349693165,2213.0901684744,563370.0512250104
E01008217,15.753183937351418,7.819798270464303,1619.499848928868,270395.5284999909
E01008218,15.540514737358341,7.820109877312567,1261.0367236710376,496445.0226666631
E01008219,16.90488749489996,7.3181328306103435,4660.676077603668,632033.9541299818
E01008220,16.518857942443717,7.2179389131095935,4150.2194903467425,765866.2032875028
E01008221,16.68365081734049,7.621511747437505,2986.099327765746,563341.7629749948
E01008222,15.584537599305103,7.865457776064119,2152.3107253304897,94422.3892999836
E01008223,15.303028241869164,7.744523584278369,2479.5949894963437,90421.74250832353
E01008224,14.73199739611522,7.7452491879853325,954.9821898980143,58111.68071665933
E01008225,14.563041791572351,7.685692457943965,1026.3588895134264,186499.6172666553
E01008226,13.997504223050932,7.645098203326459,144.454461175906,31327.577833336556
E01008227,15.482292476982334,7.569908050477087,883.1234260321404,637028.8872100195
E01008228,16.888212728498385,7.312257537818249,4768.779811853163,705325.9500749648
E01008229,16.714303400198084,7.312962957712675,801.0142439399942,863922.2272400238
E01008230,16.57662900675002,7.310773061109263,3870.3462439628647,825207.8387249829
E01008231,17.416486360085287,7.470348550523534,1150.0631733036657,680572.1289300356
E01008232,16.58076460330936,7.499985776784586,558.2370392446949,644590.5323400266
E01008233,16.469257312746873,7.489835139129253,435.4154730684202,720135.4270000095
E01008234,18.356972133629025,7.665343337713793,2928.5657017506655,241085.20713125012
E01008235,16.926598362007383,7.638308130783353,5117.780080564099,347263.9187299808
E01008236,16.896398081549297,7.4975171014198745,7210.7878953568625,515755.7329249869
E01008237,17.912525004538985,7.690225674995387,3366.0286503620723,522861.86664000124
E01008238,17.025200012614725,7.605126772651497,2869.762952996258,460066.72111999226
E01008239,17.681138572289434,7.660160717144558,4123.18350896192,479062.6071600153
E01008240,17.94841500888008,7.420765841003151,1565.8328396150382,554881.6084000424
E01008241,17.219877263147286,7.544146847135081,1340.2291860068515,535179.2402333528
E01008242,17.412797157631093,7.320652102225428,1295.1687629222106,357501.287630025
E01008243,17.924047439226808,7.506184166327448,1193.959199975922,699418.2751250096
E01008244,17.920751202588423,7.434450278001961,1257.4451189295962,846505.911562511
E01008245,13.040983204896389,8.014406920106671,1292.8945570761541,232365.96691000104
E01008246,12.905077186717046,7.864645252681436,1225.4284907333986,194038.00826999822
E01008247,12.871521963736548,7.859726078228564,1173.7352028560624,171818.34916666592
E01008248,13.30792844657301,7.857788009019903,1314.0934259553876,42993.50137999795
E01008249,13.188101536869416,7.864219176152228,1477.0534462540672,370554.27679166367
E01008250,13.033856147045412,7.761745369669413,1080.986357175819,319410.39088999806
E01008251,18.228875739778445,7.258331740618225,5331.153441379473,558338.5243071731
E01008252,17.231584223023244,7.273347962901917,7268.229745395255,588036.3513416838
E01008253,17.587759439224147,7.1490641612292665,5837.585178785307,608986.8256333624
E01008254,18.718375140490828,7.41209944542651,4480.7768459069775,583654.6432500307
E01008255,18.43565022208819,7.473015078734981,3343.6368816447357,443428.84434169304
E01008256,16.181631722461447,7.783391255131431,1693.4171571375718,237625.70291666104
E01008257,18.641606404041323,7.504583657657861,4325.120204966452,461607.84239168005
E01008258,17.83113461375773,7.455735884579476,1739.7452150284068,233664.36727221688
E01008259,18.833504245073204,7.532762305685883,2389.103378487849,291362.2158416645
E01008260,19.42482442688271,7.63238510606143,4189.401534041169,217295.99606999304
E01008261,17.499311146608523,7.610030260266923,1596.9972101788603,313017.2523499889
E01008262,15.281842655589843,7.486226610218748,2107.73255996385,1937454.9437083083
E01008263,14.162170240407335,7.702019614857592,2136.9098612865673,1823409.3237699815
E01008264,14.959233486036819,7.647780145895942,2369.3459789180192,176364.47239999584
E01008265,15.227452857494118,7.568878756337068,2038.6812699317736,987128.7305399927
E01008266,14.204306134141163,7.961774734225419,1910.0617758336818,689949.058449998
E01008267,14.530398752753502,7.9286235730115,2064.868525577844,190346.58258999442
E01008268,13.761520191799951,7.845732261670184,1437.34264933659,120713.34676999324
E01008269,14.39724337363316,7.937893740771929,702.5560467716714,117503.3040299995
E01008270,13.837163324800006,7.7811760785629716,975.2559415280863,118725.32434000091
E01008271,14.096787412228485,7.9450801617769615,862.2239754417448,1027201.1654200039
E01008272,14.204232719539423,7.9301143867718125,375.35792931585667,41811.21105999864
E01008273,13.3204633627232,7.886073929643816,286.33850397995525,26157.045209997123
E01008274,13.793615619105335,7.823720150920596,348.51490469170807,38698.694479996186
E01008275,14.711871254904759,7.911897731034978,1238.528700815396,970662.673140005
E01008276,12.760601051911072,7.904690932006733,633.5698728025433,1575671.49165
E01008277,12.830173273017568,7.897757757698431,1504.3342780177602,413137.8268100054
E01008278,12.523788924750164,8.049111145175612,315.8046994748068,520658.1888900106
E01008279,13.460467369735738,7.980794534420433,1174.7504289136618,109912.16933001057
E01008280,13.617879514228619,7.838645826380262,1953.8838678148174,213418.38600000623
E01008281,17.765202031630423,7.471304825864325,1233.3605072814885,278555.8431900237
E01008282,17.912607974604676,7.597105205943197,1084.66318556034,345586.67829002196
E01008283,18.056537129688216,7.7915036588459134,535.2399467881312,162589.7045200208
E01008284,17.99905941398638,7.697643821791466,1030.7414184763716,223981.92949002958
E01008285,18.38919118931595,7.550274868666752,854.6445823673159,430527.9653300148
E01008286,17.08527384129728,7.595438284207209,531.6119441142245,153644.67002502855
E01008287,17.58844391585144,7.570069943851949,956.2830444080729,466686.69062860863
E01008288,16.626378501854333,7.3024920630258325,2404.8675442199133,416997.4566000074
E01008289,17.390968520048535,7.288641912435766,2982.7441734802824,395269.1472200047
E01008290,17.00235073328495,7.397071027485763,2912.886867213252,379256.9158125029
E01008291,17.733157526445577,7.344987116537863,4984.823011111876,429006.7055333319
E01008292,16.335523825051773,7.6298839895610815,2772.215621726713,441198.66327501053
E01008293,15.48847127882369,7.996271169431315,1579.12017098522,283757.5435870029
E01008294,15.357150063407204,8.06502934738651,3615.5878458965135,554816.0858655764
E01008295,16.704659793233223,7.721174889183082,1636.9842378975752,1204947.7119600414
E01008296,16.31125815647894,7.745678424777327,1097.3106506651645,513214.83472501783
E01008297,16.96981603728044,7.707248201882531,1389.2535215297935,1300618.84042004
E01008298,16.63116337062308,7.730318731647872,1173.1397604100084,298514.68937500985
E01008299,16.76804456044513,7.618978371020055,1262.2996224085014,419669.8342875243
E01008300,17.09966995324595,7.716865448322378,2484.2311584261442,1763859.571780044
E01008301,16.606845443070906,7.696209938967508,3475.5167469177627,581557.2954785672
E01008302,17.52064339160227,7.494721040314476,4338.763239816305,500606.7309333294
E01008303,18.399027689080107,7.658186441706933,7711.501430487731,571086.952742839
E01008304,17.915192037080423,7.63830411613831,8096.585285265076,611860.5210356958
E01008305,17.43928064625604,7.539014419268239,6529.131603245276,627605.1998785576
E01008306,13.711127265043082,8.215521390522705,0.0,33934.98293333299
E01008307,13.938037568929923,8.195290023813746,1360.9780510643968,123210.63189999448
E01008308,15.219192023957085,8.138658563391452,701.7437752654477,49579.46718332762
E01008309,15.222481322017577,8.11757682070068,1050.2569713238856,69934.03262499225
E01008311,15.50284797407293,8.013089210589126,3033.358633407797,556534.6101282197
E01008312,14.894253153913457,8.00372520870132,5829.474375907466,918546.4581872425
E01008313,15.073552518011676,7.857835819007146,2615.7576117548133,361070.84326871665
E01008314,17.163470832623126,7.588744896809959,2875.1114975949013,565241.5816124897
E01008315,17.933901650124806,7.763599494906371,3847.2185724105757,852188.7987800008
E01008316,17.07214978580121,7.605805639193461,2431.6654305515326,515455.0297199812
E01008317,17.668234595273,7.845707725631158,7608.488043891319,536625.9679100072
E01008318,18.206636564972563,7.628198716770544,3124.455695677607,904910.5894499887
E01008319,16.56448119002805,7.674880605517461,1880.547629243,364921.56833999587
E01008320,17.326676274367987,7.9065937260883175,3021.4722579892823,237900.57497999328
E01008321,16.72912123283434,7.897799505423838,6764.109669420702,421189.07457502047
E01008322,17.365213259650027,7.7872271545379945,10099.548695746033,507705.3437100053
E01008323,16.617806749568377,7.653813554057179,4707.670840294501,467770.2530333285
E01008324,16.34370311471427,7.793264414982713,2549.2996797549085,182296.56540000887
E01008325,16.478481790661487,7.795102145570721,2287.028057304737,243359.9905800181
E01008326,17.299200917483507,7.826409853427296,1206.9519724628872,267579.2845300322
E01008327,16.868332675803526,7.351457674814964,2873.1869721454614,294283.948275015
E01008328,18.019737664888396,7.83551936002967,525.1900811023345,286014.13046732283
E01008329,17.06473680270137,7.769594927274663,1710.0115822749958,168791.86322001732
E01008330,17.099264945001522,7.505802798274777,2957.1927545925005,295886.1977800141
E01008331,17.433029717766942,7.317354463387599,4403.208225536161,1101143.3369799992
E01008332,17.55130827310206,7.159393573488809,4031.4755525442947,601142.7584166748
E01008333,17.121198660660216,7.3696373339915215,5172.830322774553,1042342.9748375099
E01008334,18.451870759756357,7.368878737951353,3748.514991680018,695528.100941674
E01008335,17.542380923193935,7.328120311382229,5122.740259958748,858241.2701100142
E01008336,16.997894302826833,7.885771783798361,4560.098851707172,316407.4372100384
E01008337,16.62387384591932,7.973215351262661,779.2090372205402,361003.9105000313
E01008338,16.84065192939537,7.9240134151573915,1403.0558602174074,288688.3931375337
E01008339,16.5505390678691,7.611813819209066,3381.4097530353893,367395.74536003516
E01008340,16.912097711826288,7.723532735062824,2447.002159608372,300427.74555004307
E01008341,16.768795155746954,7.9076994417190445,3011.702497330546,280110.956720024
E01008342,15.38165054527834,8.019429611580293,481.28835176460444,282663.0388750379
E01008343,16.33915915551018,7.467709427377267,3463.156929862482,433873.7539700088
E01008344,16.672759086994805,7.471513848307874,2415.7237732573394,421749.78505000455
E01008345,17.048860274092302,7.347995265019101,1194.1315701754122,348003.0375666719
E01008346,18.414573834443644,7.528186983534079,3736.7911658997937,1183319.24627002
E01008347,17.278709143005567,7.590434699496328,3435.6638182394436,419472.17922501056
E01008348,18.648309933438178,7.398661388168244,3365.4132047416624,1250706.7542250103
E01008349,17.96228003143611,7.551317778280909,4844.648020180279,1590400.9878750264
E01008350,16.820579300866825,7.513417338937913,2152.1910249210396,353498.47418000974
E01008351,15.993339659021919,8.02949323325273,5838.605952079998,49285.321680002846
E01008352,16.51336340624632,7.938838095968985,5597.271287221009,219736.0122999922
E01008353,16.794975516339946,7.9873917768643645,10319.500636866202,221019.7952749912
E01008354,16.78372804947268,7.746162109526775,9607.337865852112,217826.00043334113
E01008355,17.180454991734074,7.80413484136246,11895.974967731123,254943.3917899967
E01008356,16.621649586989193,7.932314305739698,5620.4041468246005,490298.67235000164
E01008357,16.36716192701457,7.806006211438356,2742.117776411436,174813.28384998924
E01008358,16.400858275915965,7.949353035312188,9154.42669610905,255767.19601665915
E01008359,18.57811317234188,7.829124301283427,5533.907884352251,718687.8681899728
E01008360,18.679763464631982,7.64134481806975,3032.2464950223884,518809.3780599758
E01008361,18.41943013968485,7.761521095256944,4073.6343373718946,512619.53133997275
E01008362,18.55635187819541,7.7466893015339755,7395.791481867492,626470.1189749683
E01008363,18.358845145364878,7.57862005263238,2862.8838876504215,651892.2108083221
E01008364,19.04190897541789,7.654243393886095,3470.75619429699,828516.6612799753
E01008365,18.543563746761322,7.9253741247627,3642.117958891765,821231.4873599752
E01008366,18.50251040464483,8.161103133933054,4635.296502038419,947890.116330008
E01008367,18.238236840242152,7.951799783375686,8162.479325457591,1406710.7274899913
E01008368,19.047554824043395,8.027323961556537,6447.698180043504,1779725.5652750048
E01008369,17.190008612650775,7.937444232378877,5782.4852744003565,2108705.9718900225
E01008370,17.70116221664345,7.876570482985725,18115.924913249,2033266.605739992
E01008371,17.411743653800755,7.972509088454163,2792.534298870156,1175598.8492800265
E01008372,17.78810430215949,8.082121741017804,3916.4078504911695,1906059.347560028
E01008373,17.87305099131851,8.003852969609582,3541.2078504911697,1994577.2661800224
E01008374,16.621880374767592,8.05921477406236,4439.510332023066,1309927.6751400118
E01008375,16.4478209967723,7.565876838323937,2446.559371794902,1728068.2058500343
E01008376,16.636281931779607,7.824170096715826,3178.429680165145,1630075.0390875237
E01008377,16.833707977829317,7.683362623593996,1290.5530875936345,1804033.464692898
E01008378,16.656916721518456,7.849649767258995,2386.002902385707,2439057.6609500116
E01008379,16.387088460340383,7.514362342963445,2335.30407129105,1974755.8314166833
E01008380,16.756860967285284,7.7082176215533025,2010.889924999818,2058799.2274900447
E01008381,18.79928496368368,7.75195330876291,1015.6578384184043,149802.17340000643
E01008382,18.26088611139627,7.391939693228048,1447.8789127963273,268336.4112124988
E01008383,18.21611306977111,7.5827984799832375,1615.4207829569586,159068.7880100064
E01008384,18.49716776612023,7.630102032392481,1544.0375354998203,372795.164930001
E01008385,16.246835779652997,7.212122655549427,1613.0478529829911,212326.8580000043
E01008386,17.55435588540626,7.527557709509109,1846.4851087462037,418058.2827699984
E01008387,16.58376452113137,7.543498283553437,1162.7141261636355,291037.0653199866
E01008388,17.144329409458162,7.459680209700347,2846.0237471015516,556363.2243750193
E01008389,16.710870282696334,7.380019451614249,1605.913792145441,698095.4604000256
E01008390,16.88570546729244,7.4694224805615415,1137.0749822801092,597004.032350006
E01008391,18.671127363048818,7.527604772639426,3029.202625011668,379782.5476800281
E01008392,18.720400597542582,7.578780708546067,4122.597888732158,313761.7390250152
E01008394,16.801543917361084,7.7494035721925005,9132.07713420121,2422557.4084999864
E01008395,17.230730828068264,7.773107226391865,16026.734145501374,2045063.9536666537
E01008396,16.812258207118436,7.583083050045041,6762.234074281017,2555840.776383327
E01008397,17.439255063948615,7.886121718645623,39345.87476021239,1627371.2615899653
E01008398,17.409270878094308,7.289199401407344,7444.299115661721,1641345.6034833174
E01008399,17.429020265295886,7.232249970846573,6737.776156408535,1525918.8251499862
E01008400,16.724472769799018,7.610880010386814,1053.1206988017668,800914.229066722
E01008401,17.997824404062076,7.601902741390724,1491.9245418244875,623134.830860042
E01008402,16.98574364057892,7.842776881114186,2222.9307041856446,290424.87197203946
E01008403,17.36864105989922,7.702241245119906,898.4078130932885,760280.9390000565
E01008404,17.83927024673651,7.58168144414056,675.8130867365043,842136.0248600461
E01008405,16.241947274248044,7.814292093465461,1088.6945823499727,48693.98244999779
E01008406,18.513181765540594,7.5548422305086484,24221.972310419173,334122.62130712846
E01008407,18.12327225921767,7.6957540805882205,27877.04510637105,825242.3984714117
E01008409,18.488147650497748,7.9991770584067865,6496.748060271678,730382.745029986
E01008410,18.750592582144723,7.821691427367152,10052.19410605076,722522.0787166524
E01008411,18.69700664099502,7.883182997712813,14000.936871769756,743429.8860099881
E01008412,18.4598256713925,7.6972664777632005,8259.125600751238,642340.8826499861
E01008413,18.130671435608566,7.668860515999495,9439.99253658228,512739.8002699803
E01008415,17.095691873841503,7.616549064127836,1660.6119356618212,521047.01861999335
E01008416,16.87590141891615,7.547433977510283,2172.265738576673,515369.14975833753
E01008418,17.19709156013219,7.995927645135948,4436.977759488023,836308.1840700207
E01008419,16.7135577928491,8.017339872857313,10774.491954483135,557725.8793500015
E01008420,16.903725636022642,8.082465055803459,3238.522553141532,1716122.6672250126
E01008421,16.579583365895395,7.97824397690229,5143.63224864525,2215786.28831
E01008422,17.176026176521262,7.941574018215856,3060.4551794695085,1806417.156970042
E01008423,16.63344343479435,8.05664772030774,2324.2195458759056,2208288.3231125055
E01008424,16.69790647524172,7.847814938398721,2075.172762341465,599421.0657333616
E01008425,16.95733255045122,7.441939195161124,2720.739055342252,570755.7327286015
E01008426,16.797225942729703,7.354314992604081,2049.763030745534,595786.4374300282
E01008427,17.793381333855695,7.379166127419244,1363.7879142525733,586848.9305600199
E01008428,16.830862257585856,7.40355256301592,2867.285496487547,596749.5700000275
E01008429,16.84865251424847,7.313620624788359,2186.8162685839825,357601.091750033
E01008430,16.969094202107563,7.374254020626578,2266.317209954074,331863.5665300372
E01008431,17.17045988758281,7.531709474783075,2309.424010808531,348396.3078000363
E01008432,18.380713716716055,7.560115231746447,2445.1104462183976,366658.5323900361
E01008433,18.094366860928808,7.657894283066961,2930.0096803634656,362120.6846200104
E01008434,17.446067803774593,7.759883299469928,2894.1838727645113,317895.88709999085
E01008435,18.83883237878077,7.608272194242053,2367.829390082411,257016.76116001297
E01008436,17.74390601159337,7.418668802772473,1664.2492438215384,198680.7364600164
E01008437,17.47307014594545,7.367638417574684,5007.5513568573915,364631.4547124889
E01008438,17.059459762010828,7.378143803542057,7436.5913931540035,266499.5450285525
E01008439,17.197742652606227,7.306166036917081,10536.120824686792,471057.13805830776
E01008441,15.484243558659537,8.093691561615623,2745.2696976698167,279552.9449083517
E01008442,17.794512831678972,7.922845868525148,2568.6773415695343,697099.7789916508
E01008443,16.76689280641591,7.986283052771469,3265.455546781507,789620.9959383247
E01008444,15.303535364413682,8.11413368318357,1539.1385562941718,436224.4487136233
E01008445,15.917802357346718,8.006019177587943,3434.8058477114696,281937.1150000014
E01008446,16.73089964076201,8.050355880227379,2261.2340698307903,323989.51600365073
E01008447,17.30668206456279,7.86578391836576,2208.916170998894,628928.9651198216
E01008448,15.416754324940957,8.064907764962001,2277.203254924083,649563.9112043848
E01008449,16.998311555505143,7.560975850273643,5001.2519573998925,2045844.3580875068
E01008450,16.894110770942305,7.715910377194467,3217.473057887083,1624601.5166375232
E01008451,16.465210322210588,7.663455952869804,3397.941959166768,1469311.338200026
E01008452,16.908800851304683,7.7998689087862285,3150.9283664851155,2149479.696700032
E01008453,17.579751045714236,7.764622787856348,4221.381048304543,1818124.3398200278
E01008455,17.221477314017232,7.614306693293891,5194.059963085335,1783085.603075025
E01008456,16.232706058867254,7.894610288640313,3125.959284483805,155101.5334067528
E01008457,15.402316130726794,7.936333430366197,2367.8031642569767,232971.76941963154
E01008458,16.27328563862707,8.125697202643838,3796.226729355284,888364.1029943179
E01008459,15.064127750673167,7.957588077380979,1510.71271039171,282470.63553099165
E01008460,15.030141214496558,8.159318264228865,1050.225251964599,252785.92370619276
E01008461,16.52372733224663,7.42893090744443,2257.8107681442407,2069838.4915400217
E01008462,16.941003528791057,7.518253772859227,1424.0624583242072,2166929.1417500316
E01008463,16.58416909439611,7.431273581439923,1394.3544235359336,2051121.6940200229
E01008464,16.78736617440999,7.518655327415374,1284.6239122547029,2175840.4855300053
E01008465,17.10500929621445,7.62670759210684,1485.820286488883,2220755.5736500034
E01008466,16.41474694357448,7.7752759501891235,37.20061991226309,1820230.722200031
E01008467,16.679187650269352,7.530111879115559,1302.091600455306,1888641.7039600264
E01008468,17.301768267619487,7.524450396601483,3873.952638522468,2067939.2017600131
E01008469,16.394421052746253,7.64015550358054,2876.6509191027676,235038.77500000843
E01008470,16.06575542871949,8.14817508602551,2305.625199351531,312335.1040200143
E01008471,16.51365001897331,8.064553006552103,4498.045358818394,136417.41419000828
E01008472,16.367087113945935,7.91934110246374,1729.241853097025,930493.3685700238
E01008473,16.816495196455953,7.922939893482772,3004.406281137566,223961.6748375154
E01008474,17.147172893279176,7.953303434541792,4589.705807862995,193367.08813000625
E01008475,14.932926328385538,8.031180503779614,2212.0608140153877,405010.69563001156
E01008476,14.738563073178334,8.108345458085632,1202.242253523273,338980.2131083542
E01008477,14.900304053354816,7.959775957401409,3645.5553668790235,304279.51274002093
E01008478,14.463011341760783,8.021400276167983,913.6090157703256,63403.157174995715
E01008479,14.96766863096983,7.953059643780975,3275.977343725934,371797.05784001003
E01008480,14.96900156706836,7.836655152499404,205.23540497306848,24956.326041660974
E01008481,17.092471984446245,7.491489318877091,2323.5680295324187,275694.3915300166
E01008482,16.928942873152433,7.481052792825753,2455.5732640175193,267928.2832333509
E01008483,16.827109551310315,7.425464992606154,5753.924221205016,317014.7911900215
E01008484,16.907550726426646,7.468921869178379,2140.1122477663857,207179.57210002677
E01008485,16.582030146405,7.467243069423581,2208.389617284038,258821.07850001627
E01008486,17.000212648424487,7.62720347450186,2006.847987221246,291221.7895100227
E01008487,16.779017800791472,7.518034142752181,1337.4637614323196,265195.23205001146
E01008488,16.47668273863445,7.51782113780678,2615.490263688508,261021.6042800006
E01008489,16.895685500868037,7.512299004322576,3915.658800016363,242084.87085001226
E01008490,16.798556101434905,7.4964499711340205,2418.7112174558138,132228.38670000408
E01008491,16.869560855479893,7.591252571738167,2643.4792875747567,127109.61793999975
E01008492,17.267553450844378,7.469179370672421,2665.6351141125065,221299.34135000993
E01008493,16.1559076192594,7.714005193172207,1536.2207917706612,223200.04644000228
E01008494,16.223979302143064,7.545334361403779,1753.8364102696457,321752.2707250065
E01008495,15.972879769605205,7.935204942754692,1869.8834644588635,170509.31607499337
E01008496,16.087837334126963,8.0082641026747,2792.4012289662824,85032.15320832486
E01008497,16.582450331599027,8.044292902862537,3071.336313815848,193900.78409998032
E01008498,16.453932887493867,7.524671356653667,2066.766240449897,227580.3280666608
E01008499,15.050705749366518,8.234911826208272,-1629.6773433664393,329056.5380300117
E01008500,14.655955421014355,7.925307540705252,1385.4569699259976,339265.4880800116
E01008501,14.678525193469303,7.819278576214039,2035.5115623104139,1554242.9375250272
E01008502,16.187933576567215,7.852933482532555,1357.3333333333333,540813.2592500114
E01008503,14.716629632315323,7.725757887992586,1246.9840196196265,508167.0885700096
E01008504,14.535971026789126,8.021113454401453,1919.538784148297,252500.48126666143
E01008505,14.769835071577358,8.051716600135595,2816.0074683271196,475517.2774900097
E01008506,14.799233678151978,7.822759440492682,2661.030622516888,289216.89833999134
E01008507,14.73595271960832,7.9583216883156265,1918.1580551449163,297153.15006999293
E01008508,17.005139690498257,7.38084832237094,2080.907148820614,296881.02383000153
E01008509,18.066287157121625,7.404811828262453,1831.6120570100409,1100721.3835833357
E01008510,17.109695241116775,7.45040274883269,1993.9346368373047,366130.77231667674
E01008511,17.671531395257123,7.327117594309435,1615.466564810086,659110.7088333266
E01008512,17.52468609350294,7.479316288270145,2344.010366385745,1443754.0425000095
E01008513,15.579983895450642,7.864740412675226,4871.061980282948,29877.351537501076
E01008514,15.72188856462038,8.075359668584232,5206.187675975172,98256.07198000413
E01008516,15.241618842725254,8.108040994452097,-2775.612414233804,211993.63961001104
E01008517,16.169343493044163,7.834346201127562,2542.227358453173,184257.5735099793
E01008518,16.577888555241607,7.625363077222194,963.9722419991436,50041.714958340024
E01008519,16.458890343752444,7.403438155159011,1917.770775475104,130039.37155999108
E01008520,16.419511221972765,7.955700869404668,3910.4537126480463,372941.6589599798
E01008521,16.67935877966188,7.536298706136042,1550.690000000553,56105.256420004065
E01008522,16.637590538966883,7.639262095674331,2118.6068213377016,218103.69593998994
E01008523,16.06643425614232,8.118756440902763,3504.9540616512795,330742.1965249823
E01008524,16.760418891745488,7.573979017211861,6341.938911029223,180495.31230716113
E01008525,15.94962789252566,7.715209282323599,2927.200117654141,479360.0182833671
E01008526,16.221289686488745,7.443567480880679,1867.470303922618,310291.75536002376
E01008527,16.020243637890125,7.832815650038715,4956.300301996925,413534.4327583669
E01008528,16.370108046688994,7.705645962275783,5367.978621402937,406598.52018003695
E01008529,16.504857776964936,7.788631460657769,6338.396440384957,313789.49429169577
E01008530,16.679221532812463,7.491200198724001,4224.696626880568,362775.4755916952
E01008531,16.463812499325417,7.5879057237416845,1098.4152075083814,1987172.192700026
E01008532,16.785235578202283,7.554702926309702,1412.0681708326322,1999760.5079900138
E01008533,17.031405528093227,7.514386764307227,1948.884170016304,1318234.6416299983
E01008534,16.353460417251362,7.625590782280021,914.879916784261,214918.7497099839
E01008535,17.00053139369188,7.617666829534494,3443.219310993942,310223.5379699704
E01008536,17.358057512381947,7.525483210477677,4330.462293452224,290796.1590666304
E01008537,17.15045561155929,7.456213277645176,4147.961711869949,337242.2278399662
E01008538,16.069745957425923,7.623004931035384,1181.1277832691412,1958033.8285750267
E01008539,16.472023009034988,7.468220448670451,1814.8227124277037,187921.888970007
E01008540,16.883304974518982,7.4039446139667815,1169.1454074626115,158241.684520016
E01008541,16.50110032024744,7.532279770438699,1668.2946873969115,263180.6614900206
E01008542,17.898597165377563,7.405425207007666,1427.5537552708474,270302.6909333444
E01008543,17.995254873162093,7.47543696501712,1728.1673717723436,356025.3338222194
E01008544,16.818779652531557,7.405882798493757,6097.587081325669,225529.86259287497
E01008545,16.599567103280844,7.477418015573594,3199.6312826249114,238041.9370500138
E01008546,15.191072301518995,8.188452625219412,2046.7060352909302,280379.0089899913
E01008547,14.722880897109954,7.809661911681768,1262.4530266831282,142622.23726999192
E01008548,15.045907482614306,7.647328030818556,990.0108357516149,21620.827574999057
E01008549,14.417317701236664,7.864130858912866,1601.5207637460744,315377.88181997876
E01008550,16.08265127595372,8.0603025631001,3911.888473167269,334763.0059099821
E01008551,13.37822004313353,7.99738275074848,550.3163263741685,307054.0438599715
E01008552,16.283103237047555,7.5569305230879875,1579.9783048842248,251750.39642500217
E01008553,16.800277639912448,7.77210534241334,3776.6231014692657,356885.5546166483
E01008554,16.682688191805976,7.888406614166007,4249.517140820729,411101.3393499801
E01008555,16.52834359755822,7.556209800341539,3088.8943477881867,351281.81518998236
E01008556,16.35342240948496,7.502736532620589,3990.7937536520553,266322.62217857956
E01008557,16.640596069519603,7.5996248898607615,3661.3978747657325,309673.71221001877
E01008558,16.007279096488432,7.913997190091564,2399.986560861194,172616.80287501626
E01008559,16.277277433911884,7.741560252506021,5807.110884262157,179740.98942001956
E01008560,16.290308527579555,7.9979603737362295,1647.412864210207,148636.60726668083
E01008561,16.20793485831021,7.676354271442516,4767.6017264486045,158468.13375834978
E01008562,16.4526404301233,7.8585095414485355,1682.1498228929947,153872.45148000488
E01008563,16.183118626731453,7.887669283316782,1780.747979918294,202576.23988001334
E01008564,14.641506714833119,7.454833791651365,839.1049836575233,119899.35997001929
E01008565,14.048588251507852,7.9477026050803365,708.4531800544754,39453.829385721474
E01008567,15.187481610092249,7.514693692268237,1847.9605454089208,67202.42034000663
E01008568,16.20718838769564,7.398581902745293,2029.6108374071,226147.39853333702
E01008569,15.17299779648619,7.56774661341242,3549.115812031402,276119.8681800033
E01008570,16.661139616772033,7.567111962389177,5237.663084153553,249914.70069999894
E01008571,17.16731675756392,7.475614140006005,1473.088552999039,638719.8153833315
E01008572,17.49968308149995,7.485208214480626,4555.461626843124,695305.3691833181
E01008573,17.51341494725057,7.500154101314141,5041.993119993079,582903.8707583131
E01008574,17.012786245374418,7.569137539637488,3486.4916923264727,1202833.7875199826
E01008575,17.167878928295156,7.3683989825998255,4038.333184181391,263149.5210999906
E01008576,17.050687970740935,7.535027330292006,1095.9182581552388,2244654.846871448
E01008577,14.859954604558927,8.164747140612118,1976.389504665282,98312.16670998819
E01008578,14.95836580864875,8.238855168225651,738.7242258143253,123766.54755999133
E01008579,14.25641964352274,8.118924241867417,1860.996076778765,107824.64693331606
E01008580,14.839724448842105,8.005119603356642,1084.8836001579955,97403.75337999212
E01008581,14.931251747999209,8.108229125880964,1105.0506831895002,111339.70070999383
E01008582,14.561598103573573,8.250607113585781,1503.8743282558285,123008.20831998954
E01008583,14.906137294580924,8.239675075956958,638.392621481484,45845.364989988375
E01008584,16.56933326521731,7.965161616940648,5104.079477143451,370510.3522499808
E01008585,16.9377703524956,7.931858353378101,5254.974222383418,404417.9628299764
E01008586,16.701170291645617,8.014277740248676,5382.789641183329,402436.9595499772
E01008587,16.230903108970445,8.045648349163626,3963.3057426993682,119981.51356999262
E01008588,16.432327517090346,8.00308564015826,4771.369504862341,226094.96696998543
E01008589,16.859728400623258,8.00157092082356,5183.153037804549,251020.62019997492
E01008590,16.59191013416246,7.5439028381262965,4061.1238910534753,910117.5283083312
E01008591,17.333544700052347,7.435822451946552,4472.276567827574,725248.5627500085
E01008592,18.06478885846717,7.298189355319734,3637.810936391113,963129.714033336
E01008593,16.34476560534051,7.4290248471280425,1964.8890249293777,783435.4284399864
E01008594,16.24301220242338,7.491259336613173,2986.917233134713,830235.6811833257
E01008595,19.225390399497922,7.274477117596679,11802.381312661322,482159.4652500028
E01008596,19.093645345973933,7.326530887097059,10635.818269626252,460928.4336500034
E01008597,17.55622935558943,7.483359321720006,7953.452070449463,487401.46596668125
E01008598,18.099827150157,7.430133082878325,9075.227240436177,433848.8006100034
E01008599,18.35858822552957,7.373885055906981,7089.394700530134,325554.5681666691
E01008600,17.175169486617758,7.446623937151526,2130.046517391142,645085.2316199585
E01008601,16.97663494803946,7.546661915104943,1851.220346279119,556017.1685399867
E01008602,17.2964481809012,7.554155573042861,1127.1526812780526,519894.93363001075
E01008603,17.732066630178863,7.459734373730866,597.3379794487639,240827.50876000727
E01008604,16.44729521268223,7.415513034984256,3563.7897566189067,396184.21366995235
E01008605,17.293590955381415,7.500605498050906,811.4008644114397,8137.135750000318
E01008606,16.85711240698557,7.509413006705633,1011.0655535304713,312648.7526499929
E01008607,16.1219925615247,7.4131785213178905,361.47860997930263,761867.2405999869
E01008608,17.178660025929,7.467845328192,995.4766150130283,19072.214520002126
E01008609,16.511805801532255,7.42230220470371,1145.8833992556524,768054.3747199861
E01008610,17.875902035634784,7.6451453366175866,642.6112814873449,224243.11745001958
E01008611,17.79067016439391,7.609708985200032,1498.5150913538641,199781.29873001002
E01008612,17.24106135094893,7.581536245677663,183.58565448138907,155573.99772001212
E01008613,17.910616171084044,7.490865456371849,2063.818870876717,232853.1594416826
E01008614,17.78847228456542,7.563883484433978,2365.9882616334025,197247.71634000828
E01008615,17.982419707345098,7.611183429226041,1378.927923023381,261550.37811000374
E01008616,17.145282103966036,7.596908470461669,2732.923287582492,49526.817799998615
E01008617,18.012200661697996,7.590515299345759,2736.657883997429,66878.91105000424
E01008618,17.5216496801813,7.701827330968115,953.2785576019339,234425.87808749563
E01008619,17.590022920850984,7.684462855873758,864.588020451259,417720.97401998687
E01008620,17.079800735260307,7.620019370914515,1818.5642831612422,50820.90821999869
E01008621,16.893699540082018,7.7184212142276705,1437.3445499391853,166943.59764999608
E01008622,17.13884345628546,7.68487092050925,1165.7829104695404,929794.9953750108
E01008624,16.834703431987755,7.672780137152079,810.9521436654289,160644.71317002393
E01008625,15.823935424680876,7.801696804716985,1676.8956451539186,284729.4211750242
E01008627,18.127803311919525,7.535658823782114,785.3758606163315,350345.56650001206
E01008628,15.956550091863846,7.598678012729058,846.0662677531029,346634.19381000416
E01008629,17.807950142077367,7.618246965702473,663.8355540612235,251314.49784000474
E01008630,17.910901603639214,7.582881506454969,688.9955604482341,155916.87842500227
E01008631,17.449963077414356,7.528473481475094,1017.0782724403391,640897.5817400063
E01008632,17.457389802561227,7.495183239767168,1317.5316879,739535.7711299977
E01008633,15.629719177471975,7.536276609869684,1804.9036600009506,313094.53037002624
E01008634,16.11705966058703,7.289842396681161,2224.631852658315,729466.4792100141
E01008635,16.283344077691854,7.35473937435889,2558.8042733098346,820028.7742000162
E01008636,15.732246624008429,7.281790310410862,1803.6178124037874,252413.27273001132
E01008637,15.109155845584496,7.763729997067901,1212.1809929717767,69713.22185000924
E01008638,16.71067183103063,7.313288927834117,1018.8440209526865,538345.1404699959
E01008639,17.40794483320939,7.394370216175582,2360.608032054251,456957.8628428544
E01008640,16.712935289078192,7.3749190454441695,1703.676147938602,756918.03626667
E01008641,16.71215342946096,7.438857196360674,2173.1152699197055,908520.2957714236
E01008642,16.98919312874861,7.4805283231292234,1174.6358923291687,852571.1538300021
E01008643,17.66473133304628,7.522204427000837,1355.3760199333346,979629.7742700072
E01008644,18.211052266483403,7.516349502489451,1881.114257205415,729391.0067500331
E01008645,18.00729133009262,7.530210470582998,1608.2020333478536,858004.8007600339
E01008646,17.39234072565407,7.446246131889147,1694.1131713417174,934727.5980800178
E01008647,16.88320256680221,7.750095837817662,1269.279194872633,272687.0194599954
E01008648,16.95804021998949,7.862137652061816,2420.849395008981,373335.3725500031
E01008649,16.877469418408513,7.682288876719194,1188.0632700353015,79018.20110999487
E01008650,16.42351093938989,7.4648594829384605,1416.814003352762,229166.02081999875
E01008651,16.32956316202885,7.665922051805209,1188.9751743223735,166066.02870713524
E01008652,18.340863658403187,7.313997231040954,4225.061120329392,398194.94018748077
E01008653,17.407308490333968,7.308949646932739,3079.7626208610354,562935.5109875125
E01008654,17.28943587650698,7.212553678351469,4352.304071714502,557829.4602499661
E01008655,16.687385428801676,7.402406816934921,2912.2871390959936,555759.5528899978
E01008656,18.035614297277924,7.368190472707797,1502.5396555890745,980215.1320299758
E01008657,16.948634172713756,7.418879969524032,3184.0893645439537,1111712.3328399553
E01008658,17.66629453654476,7.413335118418689,1054.4297688412041,940963.6680600249
E01008659,17.249028424636116,7.453373344080788,1320.5289990486012,1150406.3935800034
E01008660,17.656350519475023,7.2967289159468764,3258.782445335921,966284.9063299584
E01008661,17.397253389918983,7.27419361487995,2260.834808301242,881300.5969999549
E01008662,17.24343125152663,7.493238117072301,1049.5331615941452,1087272.4013499862
E01008663,17.496478154077757,7.557754339967038,955.5736390482937,1090825.0819599617
E01008664,18.577922151889226,7.222800183517364,5940.283395735916,280795.1986699973
E01008665,16.893804815734104,7.298745880834679,2851.370910321197,184136.9229583325
E01008666,17.494588342143064,7.247053161833747,6023.510547574504,222526.73395833527
E01008667,17.887743858549882,7.392053563186767,8388.476808274927,180221.60392500297
E01008668,19.05493675332114,7.332524294188448,8906.388351348769,472768.72515833
E01008669,16.52830085225601,7.454949717089858,94.87117168320549,18433.726841663094
E01008670,16.72835590929308,7.445796806202007,1095.1832297001909,20648.6878166618
E01008671,16.77069639114592,7.384750871570981,2201.876358170123,153986.6347800056
E01008672,16.587684422119345,7.5268870373051895,1853.6475477190302,9323.294199995458
E01008673,16.926462853990927,7.49561202180276,4277.043162957926,442477.13578749367
E01008674,16.418449183932808,7.443776456960998,3054.941856655357,282876.5657374934
E01008675,17.324371032438943,7.416990136665356,6332.9460201865595,502094.0405333323
E01008676,18.301102575815612,7.338347572573047,7805.311251444753,526178.5164499934
E01008677,17.041143685282172,7.535951396201606,4378.2776212481585,463138.4078499918
E01008678,18.356764498472252,7.459988580427303,4948.660507973094,450759.6377299903
E01008679,18.242222103366213,7.440301954338177,4147.026385369641,561821.0893699969
E01008680,16.414506208862143,7.512187418696404,3602.996801070508,1200329.56994999
E01008681,16.11203458116003,7.524943771933645,2210.7203958531745,1157303.5005400144
E01008682,16.57293242776526,7.549167276883692,3853.7013389089166,980020.2530500221
E01008683,18.71411811500924,7.322885826190549,4033.3360363338056,389169.9847166534
E01008684,15.963157737727979,7.710282930767972,633.84905965014,6748.914999998289
E01008685,15.85771933627963,7.6626628596671456,461.2030011361066,25471.962614281994
E01008686,17.011235184932406,7.611526913046784,823.6336954567481,144594.5809499982
E01008687,14.180547570198225,7.567349435791501,879.1336954567481,144594.5809499982
E01008688,16.834571749020064,7.562478687484656,1382.103524414089,761089.1296599867
E01008689,16.469055432209668,7.644642895324853,1741.8512639691544,760768.09610832
E01008690,16.518077670418887,7.776877460022836,1382.7699971312436,759162.9283499866
E01008691,17.128704813029856,7.562916377247902,1346.7072413326687,755592.146399987
E01008692,16.126861591269247,7.475606464471568,1483.9106108505496,770087.8182199862
E01008693,18.341748169267085,7.49709915110954,2125.7258034528304,63879.13411000783
E01008694,17.692221463861713,7.489981403517118,-343.07469670624425,53675.806520007594
E01008695,18.471668471927188,7.579956130656946,-1031.9912162804546,45559.66340000755
E01008696,18.066114322198512,7.496731222422722,-400.5992051557921,53527.50960000961
E01008697,18.175445889671522,7.4662700838894525,1422.9402789976418,62016.57022000886
E01008698,17.242850508564327,7.5659820548447,1040.966793011998,313091.7367583233
E01008699,18.14978441502603,7.557373116987295,131.78238028410465,80240.35625000072
E01008700,18.538970845643476,7.337162406147012,8169.005726096125,56328.95626249412
E01008701,18.279734454768672,7.198262228961953,7477.927536989058,388015.889139973
E01008702,18.488456953568768,7.219792288076086,9397.954246317659,99301.73871000564
E01008703,18.68781163166218,7.299543280933316,15295.293866080887,125859.19778125075
E01008704,18.322132190053953,7.289970761674508,7385.94990054364,464407.4436199687
E01008705,18.797569818297895,7.160351846452892,13360.228166153574,70740.02907499137
E01008706,18.519829621845826,7.215270818041435,10493.682540143604,332832.2632799716
E01008707,18.49296191417303,7.2506090817075055,11484.193961297731,352537.0678124784
E01008708,17.908119308799332,7.4707585338081035,3386.85388067741,194939.46318000034
E01008709,17.71156848881936,7.374381680618069,3357.291316579681,227632.471819999
E01008711,17.775783590841097,7.457044209033721,4105.245343524718,242243.3856299981
E01008712,17.998206802595558,7.497349203613253,1859.8986065549268,274138.7344833296
E01008713,18.374965216110564,7.410228327397623,2745.117347854294,321682.7999199986
E01008714,13.44185133868729,8.05629808865033,1903.4938297526646,173688.64238750303
E01008715,13.35790606524651,7.943060643281659,2501.9503736486818,167517.57843000436
E01008716,13.033180932900155,8.13417280033672,550.940145288012,227898.47037000526
E01008717,12.762248750765323,8.113708346171807,2466.4304542730015,281898.1460100009
E01008718,12.801815844491006,8.001072962190067,648.6563626836689,782521.5272900097
E01008719,13.239167943747404,7.94393349029395,901.5998355185847,784554.6843000088
E01008720,13.758984933553364,7.793449756527396,1349.603254815723,111098.31724999388
E01008721,14.046975390574186,7.98949677687566,817.8201065192399,212250.83098000655
E01008722,18.299603093177122,7.5236478857826725,2597.117604030813,339870.2824799903
E01008723,16.712424043296174,7.501245815028948,1382.6239055485305,275054.50284999853
E01008724,17.63988735254817,7.556912726282767,1450.7362745369423,558932.9329500012
E01008725,17.143942703605283,7.429689015564018,2029.3467092271853,258290.5310800005
E01008726,17.742791546088124,7.528346107376078,2348.8030832715403,270646.54048999696
E01008727,17.549877776428236,7.611771935315306,2718.3893460850722,318206.9062833343
E01008728,17.895997974431662,7.575960929454442,2812.7943094542634,385713.7475099984
E01008729,14.468325929796512,7.36518148273028,2218.4921215388313,50756.34521249765
E01008730,14.744449053824075,7.594569496569212,2213.5220163465,102918.40633999572
E01008731,15.08204883968304,7.44829900758023,2701.8197237048894,172833.13883999625
E01008732,15.89783165462319,7.429014305101517,2346.433338597564,327013.4040624918
E01008733,14.627982872180581,7.494690910273439,1399.081600817306,44600.980092859645
E01008734,14.321649315733946,7.714268240153137,972.5257911719161,11239.532200001211
E01008735,17.512514200909358,7.392004721418264,9291.58917077168,271336.5055999891
E01008736,17.848571340110844,7.299299830851003,7281.528935802722,272047.7960399949
E01008737,17.357820488139204,7.42420713298228,4734.706335358446,254485.86388998604
E01008738,16.977613061672805,7.4304474079812,3820.5670127252756,235424.93371998478
E01008739,16.967297196886967,7.584315016042467,2855.0940314701,278557.71483997477
E01008740,16.448543833181525,7.534638830322162,2682.5744593559807,258535.56934998377
E01008741,17.01293981589297,7.55863242761969,1321.2139012044463,144168.08756998158
E01008742,12.556877742767847,8.079061548389769,1385.4127507659898,809230.330216677
E01008743,12.9711781387289,7.800123386863695,688.6892526280216,518228.8342583386
E01008744,12.755109155338623,8.012248030596497,1026.3113006214521,216145.15257499192
E01008745,12.453756077085348,8.089919803953723,1465.4722486596345,434642.6425800029
E01008746,12.753391267701636,8.00458450211412,805.5753396612181,25874.71299165247
E01008747,13.109013877369621,7.879950490278586,363.9616720996631,76097.5500333287
E01008748,12.366992679802715,8.115004838724182,804.180763125621,541234.6303100025
E01008749,13.456797188294885,8.02031445198414,2866.8,151311.6418299828
E01008750,13.57324162131737,7.794469062144229,261.15784835978275,86669.80160713833
E01008751,13.838234403579163,8.1401236555856,732.75,128954.89696249424
E01008752,15.0761892303375,7.8214671538855525,388.7753525962771,10363.54739999657
E01008753,13.857755129040656,8.03195014130169,1544.483279211127,157445.45447499544
E01008754,13.875222424426498,8.126514953361301,2194.4570078565403,195696.37459166185
E01008755,13.98688160458904,7.689856373718267,347.07937545281015,22515.36594999687
E01008756,17.261682403548992,7.299840841486888,4877.707599643181,489758.7683299732
E01008757,17.39889039456524,7.226628516327966,7389.807008344648,433200.0030599718
E01008758,16.716481856940128,7.446655191704688,1881.7004366666183,687543.3561799733
E01008759,17.145850588173197,7.247501667942018,7035.454105604622,658844.7453799663
E01008760,16.418639230148408,7.323106930057588,6812.709614684174,685532.6506999651
E01008761,16.310494590177502,7.323247696306005,3224.6428977168275,712886.1358299693
E01008762,17.68637901344891,7.408774930648471,4371.388148906027,466908.43890997674
E01008763,16.537581124792315,7.528843095434482,2477.515048747039,165194.10471000444
E01008764,16.026798491345556,7.592943855410428,1508.007881036644,246377.34692998766
E01008765,13.866182033262783,7.742237821942075,1886.6652466558376,45784.11314999526
E01008766,14.324824844312463,7.835286258584169,810.9804731697454,189041.66402500088
E01008767,14.237204814353287,7.678064543328948,312.5008424432856,170664.24392999228
E01008768,13.69509985313818,7.887124228593407,857.19746585051,142754.27822999036
E01008769,14.282602781142979,7.761141361643395,1234.7720220561991,193603.0649299967
E01008770,14.181365966465009,7.6957362737711055,3341.1313994769107,126500.97823998405
E01008771,13.638422721960222,7.8000754417322655,2842.2695186102274,69549.85790999059
E01008772,14.141948803504064,7.652963468886432,-868.211661731463,434042.5330499755
E01008773,14.470739085651266,7.822667961130222,2124.3895390744647,550468.6649699637
E01008774,14.674172754092746,7.734766356470591,2086.0535286623044,223150.01987997247
E01008775,14.367882567206028,7.783771720306875,-2019.730301098835,404709.832919979
E01008776,15.45125906912743,7.471438618233819,1435.4329685251369,661811.0480749886
E01008777,15.479581255239879,7.71902936582416,865.2076894360051,702473.7155785459
E01008778,14.44748617294548,7.641434213556084,1612.2142833960945,586930.7869499789
E01008779,17.141935235935804,7.590121229232153,2269.4996335241167,144271.17255998176
E01008780,16.592492810166323,7.6345232327645025,2173.513880601832,180539.96570998657
E01008781,16.197446564982187,7.4525352871172235,3093.2052617365293,565832.319219982
E01008782,16.364024448029607,7.405832599455197,2179.147754566384,818899.7884899809
E01008783,16.29464678021059,7.530124104986283,2085.1813282387793,547594.4639599875
E01008784,16.24715305937673,7.547185659708228,1792.8398978463283,196547.1244499923
E01008785,16.351097002294132,7.489909896830286,1886.4750766376,773197.5388699806
E01008786,18.190955373845913,7.651488686813766,2337.1850929384896,282444.54179000127
E01008787,17.431597809692995,7.440367586865733,3497.260117690973,194104.3444200014
E01008788,17.63476999864114,7.478650206475252,3441.0077514158033,266771.9696250046
E01008789,17.08559655112366,7.578875979906911,1590.211938483669,143804.5268600088
E01008790,17.332330903722568,7.594529749547912,2288.325469806822,163806.14017000984
E01008791,16.6297008044569,7.506724806824617,6251.678415947036,134501.73034285987
E01008792,17.447789577353173,7.516163072622162,2470.296848320368,299591.3657125018
E01008793,14.367646671958871,7.828874500201461,2348.392189509076,1009713.1389428697
E01008795,13.826803422484112,7.667683759460711,1402.20141387328,80120.91940001708
E01008796,14.246251852361203,7.893626112955507,1861.5326571075243,1618716.9419900025
E01008797,14.218144331459502,7.811001737158258,758.1434554776046,80316.69783573788
E01008799,14.096944962039188,7.757222750047008,1447.0913255968558,994709.5768600085
E01008800,14.696223614932753,7.460547338652683,2082.3669898843027,1608879.2345999936
E01008801,14.64905457211825,7.661383248450965,2100.259313966656,1481785.3407299907
E01008802,14.655216436365299,7.784121937723299,1920.4665164306055,489260.92228997237
E01008803,16.184237278162477,7.467840120872724,1366.7429488807327,730068.4429399625
E01008804,15.30993567331637,7.650773870263589,1105.6570201675422,205677.39408998104
E01008805,15.232036184661926,7.60789604748074,1108.6018901402647,480617.5837299686
E01008808,14.327107540533195,7.77055249895046,4914.032483072491,127750.14880998507
E01008809,15.940567517746194,7.6265851298949565,766.2204272563985,676412.7412416417
E01008810,16.30885325326628,7.468395296614515,1718.6128465572924,406167.8970299881
E01008811,14.634727037493652,7.71453314695822,1357.3565949597578,104617.69915000019
E01008812,16.609335957394304,7.36057606966627,977.0157732383344,591787.7103583099
E01008813,16.41617737620821,7.377023363824132,2254.3040833892132,551760.2656299727
E01008814,15.946872937651824,7.577820842312034,1047.8499608523953,114083.00197000631
E01008817,17.889607648969942,7.262112030253822,3244.851838450971,249284.57453749533
E01008819,17.999154863780525,7.528792796745435,1379.5429922510114,153524.5188699877
E01008820,17.85488144002797,7.283553907390034,3611.379416937558,250754.06087499612
E01008821,17.463320891086003,7.430807479987351,1692.609336064435,143198.8409099923
E01008822,17.46802363488586,7.448867378869177,900.5515051816898,130927.3203999916
E01008823,14.448631086742646,7.573339436413299,687.2436671211269,59164.5687599978
E01008824,14.610781186098126,7.526005461287047,956.7948729593718,279845.553419994
E01008825,16.406692833960854,7.338392203154299,2538.58491003121,1086342.599599977
E01008826,16.313441748831405,7.37496414280106,2200.5470661204304,1042491.4048799723
E01008827,16.192136195223178,7.1688328230793585,2391.792783973829,943879.0408624848
E01008828,16.089681336965697,7.295247616688021,1550.2650832040897,854293.122879982
E01008829,16.076185211662242,7.303680751409549,2100.662075871928,770764.5187399874
E01008830,18.038873896563814,7.296158077489108,10223.0152564929,313909.59132498945
E01008831,18.515725990975834,7.235954310274203,14818.988284339204,273906.21617776254
E01008832,18.43627203450033,7.212129210254017,9447.532707894527,532291.7414499728
E01008833,17.073225824752917,7.347359621506394,7487.323145764768,691485.1025699626
E01008834,17.926201010635342,7.3964530802920345,13508.449376061219,275780.48805831606
E01008835,17.572588668973836,7.457620655694317,7072.985289542848,261937.36141249083
E01008836,18.6390286118502,7.155057660345037,14555.932254413125,193987.97594000062
E01008837,17.57723549044033,7.463025473300453,1003.7022678342003,308898.8567799887
E01008838,17.916555544013047,7.605344385105286,1100.1666662918597,298934.1430699892
E01008839,17.276064871563683,7.527821793281389,699.6880565196399,338174.6084416485
E01008840,17.78579018301826,7.610943723220345,879.4287176161786,178109.47256999376
E01008841,17.464395559641773,7.460594591927844,1106.0401134046995,341513.8052899832
E01008842,17.89086519223462,7.541117880239385,922.6979681241519,310973.27496998355
E01008843,17.807868843302334,7.584251765021153,2849.539230959626,290689.9313199906
E01008844,18.142018465928114,7.482159744426767,3919.9216229979547,321801.02586001076
E01008845,18.0284125372636,7.4820741338662415,1964.9824586450413,284033.1343199971
E01008846,18.04451258784788,7.321199678291484,2420.077376461989,70509.78252500235
E01008847,18.37846996923339,7.3391107853391855,1947.0,23389.204012504044
E01008848,17.585257467215946,7.566484158157088,3916.381218119094,348626.49585998635
E01008849,17.708835777770574,7.487623348073944,4597.788130467843,281816.5855799754
E01008850,18.346702479240538,7.550555161067109,1275.5677761389456,456252.33044000313
E01008851,17.858903201509797,7.585228536869127,2012.5811059243326,351480.5381400005
E01008852,17.58726476696831,7.558226967985583,2360.962152959856,247627.3021624967
E01008853,18.26691370928595,7.425800638964179,3830.025010056863,243707.3508300144
E01008854,18.595112886376864,7.360349055509925,3826.7591955893063,68421.47528333998
E01008855,17.97744145586251,7.593704120254067,2441.4484049338266,65193.45685000012
E01008856,18.16108769949107,7.657936488547065,2461.6540299999083,199534.23919999917
E01008857,17.71290548764174,7.596912274197365,2266.894604125441,205924.32801001568
E01008858,17.61541756155141,7.600026500546896,2894.1513094860284,188246.94372001622
E01008859,18.28166747469197,7.525240984063289,4611.141948406121,50314.74507500596
E01008860,16.783271692269146,7.614224199406825,3642.289517013715,198494.2082900141
E01008861,17.74748238447075,7.5814849838567,1063.9748908752747,771482.1943500128
E01008862,17.806332174485945,7.632541979033505,1529.2953545536839,761509.0663500145
E01008863,17.626212849533196,7.734732005713452,609.5872426218367,534152.5305124852
E01008864,18.239939330430843,7.664809389841596,854.0865189660913,131327.81398749756
E01008865,17.71704893802468,7.509571974616089,1570.7211055957948,722570.7097199915
E01008866,17.479488174085308,7.568378341370122,1495.6209633633755,320888.83460998355
E01008867,18.079138802183916,7.443042223616621,2954.5551340170755,157401.99777497674
E01008868,18.33623413865219,7.684528455692521,1698.9231761587644,121385.65904997909
E01008869,17.900135466184782,7.609007999171366,3268.7676887934726,146239.31036247822
E01008870,17.810303588389566,7.806634493478926,1575.651667820944,125886.9115299783
E01008871,18.043172215996567,7.542411734357046,2671.081575912608,179138.54043997749
E01008872,18.077835989783022,7.636788893071343,936.0351326346463,120340.88704997937
E01008873,18.076800410672675,7.67219399275734,1349.611715532386,12408.81464999977
E01008874,16.838351524346017,7.407094515684719,5168.81155848784,195985.65149999742
E01008875,17.583049164454188,7.409392540773032,2630.549895979078,103630.33199000037
E01008876,18.08252370011849,7.711849335969037,1371.243521471826,102580.62112500433
E01008877,17.114045021865444,7.746860743000985,416.78047004612455,34567.58142000333
E01008878,16.861604843676492,7.624465078155124,2481.4741238752663,160012.428400017
E01008879,16.737249276928242,7.388541255952296,3157.584744150864,184023.42365001308
E01008880,17.974805811309317,7.5180539467488945,3538.7712410224904,231163.73862501397
E01032483,13.719001476917706,7.7560262700348,779.0189586721111,1541835.1376099724
E01032484,14.071393502355827,7.546428376144377,1088.872416373836,1170041.608029992
E01032647,15.234039776066655,7.798188301183414,2820.1636220195323,200938.5927700034
E01032648,14.660424513549723,7.811551825054697,2030.3440281929456,206652.73682000246
E01032649,16.3946369086122,7.885607137212097,5678.38669310787,26192.614387500274
E01032650,17.06581424166653,7.803378038000984,2553.90353142276,71294.34185000241
E01033074,16.827050782213412,7.614007597182153,1911.5751522953917,915997.6207571639
E01033075,17.958316443457264,7.302021151294796,3229.933496163427,282688.7724062447
E01033076,16.829276485769025,7.573485457563027,1261.3460307985613,465323.5642499894
E01033077,14.464578239238575,7.819640525592228,2767.817673853909,114228.93683569501
E01033543,17.99054739294765,7.849225209031187,39138.54576423216,350744.7016899785
E01033545,17.98622259672658,7.719694640457224,26279.651760857978,286441.50784997543
E01033547,16.859541464132256,7.422136651229358,1257.2164279233025,347367.57375713607
E01033548,19.136346872798477,7.558208160960222,19741.86962753282,204991.01058999007
E01033550,15.574340272965678,8.066894516519737,599.037028861705,69657.45280832554
E01033551,15.325689145704976,7.947352978914117,1208.7772213822561,67393.7236916608
E01033553,19.133357912059637,7.515914922083774,34080.738923375735,129296.90009999061
E01033554,17.773648322479676,7.748985944180944,23406.215790563503,730917.4115599634
E01033556,16.98704434878125,7.651981989111033,6876.706980741752,2668844.123207145
