,signature_type,use,greenspace,job_types
E01008162,11,0,0,0.5312698201064076
E01008163,11,0,0,0.8347643567334729
E01008164,8,0,0,0.5208367763420018
E01008165,8,0,0,0.5839855101146967
E01008166,11,0,0,0.5927522603684022
E01008167,11,0,0,0.6999159447185704
E01008168,11,0,0,0.6291805510052069
E01008169,12,0,0,0.7586619169068128
E01008170,10,0,0,0.7498759857008679
E01008171,11,0,0,0.6305950242495731
E01008172,4,0,0,0.4163555852767675
E01008173,3,0,0,0.35445678194512115
E01008174,4,0,0,0.5711558348446351
E01008175,3,0,0,0.29882232470262615
E01008176,4,0,0,0.3982891412552479
E01008177,3,0,0,0.7251472914756393
E01008178,8,0,0,0.5001027358407318
E01008179,4,0,0,0.7355679563930393
E01008180,5,0,0,0.5023382985677532
E01008181,3,0,0,0.610673554137246
E01008182,4,0,0,0.5242948148929175
E01008183,2,0,0,0.4183354545268675
E01008184,2,0,0,0.3653866332257764
E01008185,2,0,0,0.511326661280288
E01008186,2,0,0,0.5712623839807401
E01008187,2,0,0,0.5584985344062746
E01008188,2,0,0,0.48114896192773393
E01008189,3,0,0,0.6179737113763573
E01008190,3,0,0,0.617747810243138
E01008191,3,0,0,0.6162010360391847
E01008192,6,0,0,0.617054893282984
E01008193,8,0,0,0.6600762130225823
E01008194,3,0,0,0.7206414649197539
E01008195,2,0,0,0.4993326570828827
E01008196,2,0,0,0.6126373995275959
E01008197,2,0,0,0.5711916035494252
E01008198,2,0,0,0.6258194214047348
E01008199,4,0,0,0.6711096855020389
E01008200,2,0,0,0.6014183464991925
E01008201,7,0,0,0.6027173849252613
E01008202,9,0,0,0.5838350770329771
E01008203,10,0,0,0.7168115518888176
E01008204,9,0,0,0.5886109374951589
E01008205,10,0,0,0.7815269633566574
E01008206,7,0,0,0.5487954820283706
E01008207,4,0,0,0.6419804983455671
E01008208,8,0,0,0.5092680701516253
E01008209,11,0,0,0.5180378394177617
E01008210,8,0,0,0.5003140248362234
E01008211,8,0,0,0.47605113382420794
E01008212,8,0,0,0.7102188418379903
E01008213,4,0,0,0.6599185191140813
E01008214,3,0,0,0.6667722756950049
E01008215,3,0,0,0.48951090348038656
E01008216,8,0,0,0.6222021769121319
E01008217,4,0,0,0.6096669714049948
E01008218,4,0,0,0.7475098087333434
E01008219,5,0,0,0.9597666105085259
E01008220,4,0,0,0.7541938706849491
E01008221,4,0,0,0.7365649037394805
E01008222,4,0,0,0.4619493590566918
E01008223,8,0,0,0.43783876247172787
E01008224,3,0,0,0.45711652388412755
E01008225,3,0,0,0.3117712609592502
E01008226,2,0,0,0.16488892550970422
E01008227,4,0,0,0.7718211382096776
E01008228,9,0,0,0.655125397793964
E01008229,4,0,0,0.7884113010525284
E01008230,4,0,0,0.7756675378890532
E01008231,5,0,0,0.5815407022881667
E01008232,5,0,0,0.5317485428888646
E01008233,4,0,0,0.6228126700488691
E01008234,8,0,0,0.6982568805014501
E01008235,8,0,0,0.6505478045338439
E01008236,7,0,0,0.6233929763754757
E01008237,8,0,0,0.8388173550181588
E01008238,8,0,0,0.6338805221283228
E01008239,8,0,0,0.6254351533555143
E01008240,4,0,0,0.48392911017447854
E01008241,4,0,0,0.6146591179089117
E01008242,6,0,0,0.6956800633474531
E01008243,3,0,0,0.4102985419747873
E01008244,3,0,0,0.33824429109803605
E01008245,4,0,0,0.72840357317574
E01008246,4,0,0,0.33086555580994037
E01008247,4,0,0,0.5598136278494804
E01008248,3,0,0,0.19644696074134732
E01008249,4,0,0,0.48003453899789655
E01008250,4,0,0,0.6335523470695207
E01008251,11,0,0,0.6183894464084031
E01008252,12,0,0,0.6237466881836091
E01008253,11,0,0,0.7147102710796281
E01008254,10,0,0,0.7297651152815955
E01008255,8,0,0,0.578924738656268
E01008256,4,0,0,0.7523494714357546
E01008257,11,0,0,0.4251562930830392
E01008258,11,0,0,0.6207836774194135
E01008259,11,0,0,0.39771371554837326
E01008260,3,0,0,0.4908813861165468
E01008261,3,0,0,0.26728167347497217
E01008262,3,0,0,0.4504756971287159
E01008263,4,0,0,0.6080666083089776
E01008264,3,0,0,0.7639498871614592
E01008265,4,0,0,0.6046585164857389
E01008266,4,0,0,0.6246332913909735
E01008267,4,0,0,0.8517044119413146
E01008268,4,0,0,0.6790807203345507
E01008269,4,0,0,0.5666750542243252
E01008270,5,0,0,0.5005463637446439
E01008271,4,0,0,0.6478571720888212
E01008272,4,0,0,0.5888554850463094
E01008273,2,0,0,0.4654097656562242
E01008274,2,0,0,0.5873468188974362
E01008275,5,0,0,0.8188076843940774
E01008276,2,0,0,0.33237974808804105
E01008277,2,0,0,0.6339372132788669
E01008278,2,0,0,0.45700125295012867
E01008279,5,0,0,0.5028918930213486
E01008280,5,0,0,0.5515499043666311
E01008281,6,0,0,0.6359186314406907
E01008282,5,0,0,0.5781135962641237
E01008283,4,0,0,0.408690712624194
E01008284,4,0,0,0.4518231411098057
E01008285,5,0,0,0.5311585034689903
E01008286,4,0,0,0.451788112243429
E01008287,4,0,0,0.45204459983135875
E01008288,8,0,0,0.7037515670701913
E01008289,8,0,0,0.6794586215401026
E01008290,11,0,0,0.3860718086975942
E01008291,11,0,0,0.5638926546846784
E01008292,7,0,0,0.6420478819984258
E01008293,3,0,0,0.7311178884058023
E01008294,3,0,0,0.6167345461695819
E01008295,3,0,0,0.7623170146351133
E01008296,5,0,0,0.8349980050625071
E01008297,7,0,0,0.7917025483546108
E01008298,8,0,0,0.8110971409537053
E01008299,7,0,0,0.7388101259734406
E01008300,7,0,0,0.7915254514575858
E01008301,11,0,0,0.49223872210539
E01008302,10,0,0,0.5592917242634688
E01008303,10,0,0,0.8270131781499943
E01008304,11,0,0,0.5728010852027307
E01008305,11,0,0,0.6621128518605548
E01008306,2,0,0,0.5709688631298934
E01008307,2,0,0,0.4085005230369117
E01008308,4,0,0,0.30040412404103084
E01008309,8,0,0,0.6172993298321271
E01008311,4,0,0,0.5589165443111825
E01008312,4,0,0,0.5582705910270396
E01008313,4,0,0,0.5579268439475482
E01008314,7,0,0,0.5783564294129104
E01008315,10,0,0,0.8079307349510385
E01008316,7,0,0,0.5962680289257977
E01008317,8,0,0,0.8221271676918122
E01008318,7,0,0,0.5207155165501092
E01008319,4,0,0,0.8988287772803185
E01008320,8,0,0,0.7320059776184584
E01008321,8,0,0,0.9261247879284628
E01008322,8,0,0,0.8318217371996525
E01008323,7,0,0,0.7364590766145375
E01008324,5,0,0,0.7820672404145891
E01008325,3,0,0,0.6488185407298506
E01008326,8,0,0,0.6766863223163148
E01008327,8,0,0,0.7154861562452218
E01008328,3,0,0,0.7169726080594669
E01008329,8,0,0,0.5564821627243999
E01008330,8,0,0,0.5148256557792672
E01008331,11,0,0,0.56961123825361
E01008332,10,0,0,0.7272506225584371
E01008333,10,0,0,0.7660800619724799
E01008334,10,0,0,0.7590609120892018
E01008335,10,0,0,0.7396594224923346
E01008336,8,0,0,0.8384253055920687
E01008337,4,0,0,0.6000641062794632
E01008338,4,0,0,0.44753562347687825
E01008339,8,0,0,0.15229380742917292
E01008340,8,0,0,0.14807656942108718
E01008341,8,0,0,0.41549354081166057
E01008342,8,0,0,0.580943344243856
E01008343,7,0,0,0.7180258634243322
E01008344,7,0,0,0.5757588596086551
E01008345,8,0,0,0.38220295887614686
E01008346,7,0,0,0.7829336408510155
E01008347,7,0,0,0.7264599832376941
E01008348,7,0,0,0.8434014102448928
E01008349,10,0,0,0.7477296326149137
E01008350,8,0,0,0.3189925012347133
E01008351,4,0,0,0.3743370071592096
E01008352,8,0,0,0.7519616611697446
E01008353,8,0,0,0.6735677120086204
E01008354,8,0,0,0.49779719887012913
E01008355,8,0,0,0.8715203155964775
E01008356,8,0,0,0.7588842669131045
E01008357,3,0,0,0.693289066078085
E01008358,8,0,0,0.6896016497988104
E01008359,10,0,0,0.6737538769744329
E01008360,10,0,0,0.622400163114124
E01008361,10,0,0,0.7220336701560901
E01008362,11,0,0,0.6537701898128251
E01008363,7,0,0,0.4728973462402588
E01008364,10,0,0,0.8291020435496972
E01008365,10,0,0,0.6825326812105681
E01008366,11,0,0,0.604138910132233
E01008367,12,0,0,0.8156413368608633
E01008368,11,0,0,0.8265076244001577
E01008369,11,0,0,0.7916523286335181
E01008370,12,0,0,0.8284274230498913
E01008371,8,0,0,0.8177807297905877
E01008372,10,0,0,0.7617735658833621
E01008373,10,0,0,0.7741075742887373
E01008374,8,0,0,0.668200362041363
E01008375,8,0,0,0.6665490941313158
E01008376,8,0,0,0.7408065512556838
E01008377,8,0,0,0.552365422500522
E01008378,8,0,0,0.7301091392810759
E01008379,8,0,0,0.5898786490107703
E01008380,7,0,0,0.8316914639989639
E01008381,3,0,0,0.6633248084983243
E01008382,8,0,0,0.6157155778351995
E01008383,8,0,0,0.48771692077226775
E01008384,8,0,0,0.597206963357083
E01008385,3,0,0,0.5006000420583624
E01008386,8,0,0,0.5215947107045891
E01008387,3,0,0,0.5605656756387927
E01008388,10,0,0,0.7195744369276195
E01008389,10,0,0,0.7406292157636559
E01008390,8,0,0,0.5900553796061329
E01008391,7,0,0,0.4551649649172383
E01008392,8,0,0,0.27256789783221463
E01008394,12,0,0,0.9237761272596373
E01008395,12,0,0,0.8773500413788579
E01008396,12,0,0,0.7492960206362071
E01008397,12,0,0,0.8987930692678617
E01008398,12,0,0,0.7248972098876866
E01008399,12,0,0,0.7962634243227357
E01008400,3,0,0,0.5954267831831391
E01008401,3,0,0,0.5825832824567355
E01008402,3,0,0,0.6330914916034717
E01008403,3,0,0,0.3941154108408664
E01008404,3,0,0,0.35336956874664144
E01008405,2,0,0,0.4608757055100976
E01008406,12,0,0,0.6941472957497286
E01008407,12,0,0,0.6450906221113616
E01008409,11,0,0,0.7623038091783043
E01008410,12,0,0,0.6310227725039718
E01008411,12,0,0,0.7186692777357225
E01008412,12,0,0,0.633243822485109
E01008413,12,0,0,0.6632579244179194
E01008415,8,0,0,0.6602807781966655
E01008416,7,0,0,0.6231538505820592
E01008418,8,0,0,0.581050720712496
E01008419,8,0,0,0.8470240658435697
E01008420,10,0,0,0.8222530608034098
E01008421,7,0,0,0.7020125756376457
E01008422,10,0,0,0.7858994671523053
E01008423,10,0,0,0.8016478117660629
E01008424,8,0,0,0.6916064325601705
E01008425,11,0,0,0.4043951846313552
E01008426,7,0,0,0.5952136027083499
E01008427,11,0,0,0.302127474286449
E01008428,7,0,0,0.6988857547364905
E01008429,8,0,0,0.5920105061392386
E01008430,8,0,0,0.5010844481579977
E01008431,7,0,0,0.7003723919391386
E01008432,7,0,0,0.5822665505573766
E01008433,7,0,0,0.7966302803402145
E01008434,7,0,0,0.4851396722517124
E01008435,7,0,0,0.5609309407623403
E01008436,7,0,0,0.402801008190511
E01008437,11,0,0,0.7121967828097489
E01008438,11,0,0,0.8045298614800594
E01008439,12,0,0,0.7824777485525619
E01008441,8,0,0,0.4013744965843407
E01008442,5,0,0,0.5656477119436726
E01008443,4,0,0,0.7822396464132039
E01008444,3,0,0,0.4759871872589624
E01008445,5,0,0,0.5878270664758004
E01008446,3,0,0,0.480191231470548
E01008447,3,0,0,0.6559491458870321
E01008448,4,0,0,0.5078607208065606
E01008449,10,0,0,0.8630921336116318
E01008450,7,0,0,0.6213318938539556
E01008451,7,0,0,0.6446693777510454
E01008452,10,0,0,0.504760945091374
E01008453,10,0,0,0.814170918338174
E01008455,10,0,0,0.49788445263190206
E01008456,5,0,0,0.8259700273502328
E01008457,5,0,0,0.6874628488550317
E01008458,2,0,0,0.4975279128441876
E01008459,3,0,0,0.7427863585118271
E01008460,3,0,0,0.45099105370772774
E01008461,5,0,0,0.8438390476735709
E01008462,4,0,0,0.6296261984140894
E01008463,4,0,0,0.7237424782799857
E01008464,4,0,0,0.6862032175158086
E01008465,6,0,0,0.49134228589473683
E01008466,4,0,0,0.6885250785986604
E01008467,4,0,0,0.7524484069543212
E01008468,3,0,0,0.7492817659467628
E01008469,4,0,0,0.8519288532862189
E01008470,4,0,0,0.6012421881468041
E01008471,4,0,0,0.8192235638119769
E01008472,4,0,0,0.8131853462037928
E01008473,8,0,0,0.8898177865295689
E01008474,8,0,0,0.8754896195964562
E01008475,4,0,0,0.7453669209262787
E01008476,4,0,0,0.5111735956187944
E01008477,4,0,0,0.505438302671676
E01008478,4,0,0,0.4511796148602408
E01008479,5,0,0,0.7577291770730722
E01008480,3,0,0,0.5064945751794416
E01008481,7,0,0,0.503421883506296
E01008482,7,0,0,0.6611399976256024
E01008483,11,0,0,0.8111049197523725
E01008484,7,0,0,0.26626137846638853
E01008485,7,0,0,0.7799715654562456
E01008486,7,0,0,0.5445938561027457
E01008487,7,0,0,0.827065196394449
E01008488,3,0,0,0.38348338508896285
E01008489,3,0,0,0.553762743417688
E01008490,3,0,0,0.5526492504051672
E01008491,7,0,0,0.47636749189428296
E01008492,7,0,0,0.5547132942694769
E01008493,8,0,0,0.720235819525276
E01008494,8,0,0,0.7193932205980343
E01008495,7,0,0,0.5120700444479374
E01008496,11,0,0,0.662680623029598
E01008497,10,0,0,0.5108064033021614
E01008498,3,0,0,0.5371927604353518
E01008499,4,0,0,0.8366418746881379
E01008500,4,0,0,0.5870884353792103
E01008501,4,0,0,0.3974649712688582
E01008502,4,0,0,0.534656184586009
E01008503,4,0,0,0.4934637389265834
E01008504,4,0,0,0.7022668542224534
E01008505,4,0,0,0.6560379998080872
E01008506,5,0,0,0.7453993924207053
E01008507,5,0,0,0.6826634636133233
E01008508,7,0,0,0.7300222031464079
E01008509,8,0,0,0.78073886840356
E01008510,7,0,0,0.6916939123380037
E01008511,8,0,0,0.6027165649967179
E01008512,8,0,0,0.7489451788507581
E01008513,4,0,0,0.4804684843463423
E01008514,3,0,0,0.7367774114045338
E01008516,4,0,0,0.786572065833089
E01008517,7,0,0,0.7577119392841353
E01008518,3,0,0,0.6025814386207334
E01008519,3,0,0,0.754587411752279
E01008520,7,0,0,0.5780059534262365
E01008521,3,0,0,0.45435872815575384
E01008522,7,0,0,0.45594053635360393
E01008523,7,0,0,0.5730347459156655
E01008524,12,0,0,0.8280682862272283
E01008525,8,0,0,0.7439986123651177
E01008526,8,0,0,0.6939659848702524
E01008527,8,0,0,0.7276681764101672
E01008528,8,0,0,0.7104156658246714
E01008529,10,0,0,0.683100389139648
E01008530,7,0,0,0.5534151674377418
E01008531,4,0,0,0.5012483192189319
E01008532,4,0,0,0.501594791063892
E01008533,6,0,0,0.7028140598223358
E01008534,4,0,0,0.5034946843517968
E01008535,7,0,0,0.7047908112182716
E01008536,10,0,0,0.7081574964179342
E01008537,7,0,0,0.6422605281252194
E01008538,4,0,0,0.4996519574964554
E01008539,3,0,0,0.5076513617590785
E01008540,3,0,0,0.25526737249352377
E01008541,3,0,0,0.7056000720396446
E01008542,8,0,0,0.5448259856534098
E01008543,8,0,0,0.518007237684029
E01008544,11,0,0,0.4511182160242323
E01008545,7,0,0,0.6072760746456818
E01008546,10,0,0,0.599912846090684
E01008547,3,0,0,0.6357050549068942
E01008548,3,0,0,0.6364773212964778
E01008549,3,0,0,0.5873896088917749
E01008550,10,0,0,0.6269417602711235
E01008551,3,0,0,0.5191390002622345
E01008552,3,0,0,0.7395457019320505
E01008553,7,0,0,0.7199503510980124
E01008554,7,0,0,0.5577416822334655
E01008555,7,0,0,0.366323530902346
E01008556,3,0,0,0.6571104114413343
E01008557,3,0,0,0.4583757551147637
E01008558,11,0,0,0.5105038199263254
E01008559,10,0,0,0.6925778752279375
E01008560,10,0,0,0.6310244999665334
E01008561,11,0,0,0.4411128067083752
E01008562,8,0,0,0.6678719138963317
E01008563,8,0,0,0.7084884865791355
E01008564,3,0,0,0.7121302338668661
E01008565,4,0,0,0.4347609813767464
E01008567,4,0,0,0.7137707969420217
E01008568,6,0,0,0.5020152782738293
E01008569,3,0,0,0.6283873787718208
E01008570,3,0,0,0.7395554609903656
E01008571,11,0,0,0.6183800986542803
E01008572,11,0,0,0.48062538957421647
E01008573,10,0,0,0.6162620128989391
E01008574,8,0,0,0.7025274340850584
E01008575,10,0,0,0.5452382877044561
E01008576,8,0,0,0.33729298412152614
E01008577,3,0,0,0.5074024750951738
E01008578,4,0,0,0.5176770462145388
E01008579,3,0,0,0.5811159942018113
E01008580,8,0,0,0.5867704618859354
E01008581,4,0,0,0.5899444919323485
E01008582,3,0,0,0.5552382418273677
E01008583,3,0,0,0.27692458693010896
E01008584,10,0,0,0.7353157357193187
E01008585,10,0,0,0.71550589931559
E01008586,10,0,0,0.7802607287576602
E01008587,11,0,0,0.7284584946803371
E01008588,10,0,0,0.6653856838369971
E01008589,10,0,0,0.689451950266268
E01008590,10,0,0,0.6176803253428943
E01008591,10,0,0,0.5226980870176926
E01008592,10,0,0,0.6422369666711453
E01008593,4,0,0,0.6917139538220569
E01008594,8,0,0,0.9042698062515414
E01008595,11,0,0,0.6961089954419813
E01008596,10,0,0,0.7816017048697501
E01008597,10,0,0,0.6433335110565138
E01008598,10,0,0,0.6456838657668945
E01008599,10,0,0,0.36683504312953424
E01008600,3,0,0,0.3780453515263806
E01008601,4,0,0,0.26026234790438973
E01008602,6,0,0,0.6738358912875049
E01008603,6,0,0,0.6794099684102982
E01008604,3,0,0,0.3972709947623879
E01008605,4,0,0,0.6588881629008712
E01008606,4,0,0,0.6586095357593623
E01008607,5,0,0,0.6586206896551724
E01008608,7,0,0,0.6801303316143347
E01008609,8,0,0,0.6591359499789603
E01008610,4,0,0,0.7429205676378061
E01008611,3,0,0,0.2834989023645883
E01008612,4,0,0,0.2818504170763368
E01008613,3,0,0,0.5416364963163248
E01008614,6,0,0,0.67382233986809
E01008615,4,0,0,0.4652909647597575
E01008616,4,0,0,0.24656124868660328
E01008617,4,0,0,0.6315814972049273
E01008618,4,0,0,0.585195472055784
E01008619,4,0,0,0.6141559142584716
E01008620,4,0,0,0.3946090546944244
E01008621,4,0,0,0.6119528326138663
E01008622,6,0,0,0.6115250632899943
E01008624,4,0,0,0.3909292203089385
E01008625,6,0,0,0.6110290535192012
E01008627,4,0,0,0.5624621644555667
E01008628,4,0,0,0.5584771158911619
E01008629,3,0,0,0.5324524840815029
E01008630,3,0,0,0.5631312992668256
E01008631,4,0,0,0.404838160486279
E01008632,4,0,0,0.40283331279057
E01008633,7,0,0,0.5707162174166929
E01008634,7,0,0,0.593926860617198
E01008635,6,0,0,0.6625834576018029
E01008636,7,0,0,0.5360898523533678
E01008637,5,0,0,0.532028030486296
E01008638,3,0,0,0.3325768712115819
E01008639,3,0,0,0.6064924924673546
E01008640,11,0,0,0.332501721857709
E01008641,11,0,0,0.5484795236520423
E01008642,11,0,0,0.35188424056444667
E01008643,6,0,0,0.8581900102168335
E01008644,6,0,0,0.3917328434057388
E01008645,4,0,0,0.4211293064239241
E01008646,6,0,0,0.751107395415105
E01008647,6,0,0,0.5869375118436233
E01008648,7,0,0,0.5875444880727091
E01008649,4,0,0,0.5792925930884927
E01008650,6,0,0,0.766554550045465
E01008651,6,0,0,0.5796855933983521
E01008652,8,0,0,0.679281839454048
E01008653,7,0,0,0.6419523427871295
E01008654,8,0,0,0.6485131139384077
E01008655,7,0,0,0.7599227087753516
E01008656,4,0,0,0.7129920016354642
E01008657,8,0,0,0.28949681791655707
E01008658,4,0,0,0.5094198598371257
E01008659,6,0,0,0.40992252118686245
E01008660,8,0,0,0.6178887472700009
E01008661,8,0,0,0.7971639819875671
E01008662,6,0,0,0.754775774206448
E01008663,4,0,0,0.7534171464495146
E01008664,11,0,0,0.31997180651187296
E01008665,10,0,0,0.36569578967670546
E01008666,12,0,0,0.5391068560919047
E01008667,11,0,0,0.6514038952565341
E01008668,12,0,0,0.5148932138197436
E01008669,7,0,0,0.5535115916438128
E01008670,7,0,0,0.6724115149905098
E01008671,10,0,0,0.3529082917208918
E01008672,4,0,0,0.5325065750752789
E01008673,9,0,0,0.6173318910890551
E01008674,6,0,0,0.6397908002158056
E01008675,10,0,0,0.6293226043511274
E01008676,11,0,0,0.6266407748286631
E01008677,9,0,0,0.7685041267877916
E01008678,11,0,0,0.4277997697177948
E01008679,9,0,0,0.5507424174598754
E01008680,9,0,0,0.3309412111241471
E01008681,6,0,0,0.6424161288694105
E01008682,8,0,0,0.8890168465857741
E01008683,11,0,0,0.8556113624201829
E01008684,4,0,0,0.38244241874478646
E01008685,4,0,0,0.5792903802332876
E01008686,4,0,0,0.5615386714545518
E01008687,4,0,0,0.6637576412577915
E01008688,8,0,0,0.53248954933138
E01008689,8,0,0,0.5480831085911865
E01008690,4,0,0,0.5474625227778526
E01008691,4,0,0,0.5086533374273685
E01008692,3,0,0,0.5089450281283067
E01008693,8,0,0,0.5926908192684618
E01008694,4,0,0,0.6942838455531958
E01008695,4,0,0,0.5644692410902832
E01008696,4,0,0,0.40620202004024164
E01008697,3,0,0,0.5946519404201116
E01008698,4,0,0,0.7350625229562104
E01008699,4,0,0,0.6957830434160621
E01008700,11,0,0,0.3038384277948608
E01008701,11,0,0,0.6537885274199355
E01008702,12,0,0,0.3506671772191118
E01008703,12,0,0,0.6896753760281806
E01008704,12,0,0,0.7346867369900473
E01008705,12,0,0,0.8159922029843039
E01008706,12,0,0,0.6151875225985013
E01008707,12,0,0,0.5570189560960301
E01008708,8,0,0,0.5965366594720826
E01008709,10,0,0,0.5615790911808709
E01008711,10,0,0,0.7945532515056761
E01008712,4,0,0,0.6767048978802604
E01008713,8,0,0,0.5930441979876109
E01008714,4,0,0,0.6536886716929452
E01008715,3,0,0,0.6625467847372036
E01008716,4,0,0,0.5566371116911341
E01008717,4,0,0,0.5598118384048016
E01008718,4,0,0,0.6684850473307702
E01008719,4,0,0,0.6387857141518378
E01008720,3,0,0,0.56456038321114
E01008721,4,0,0,0.7384773196535308
E01008722,7,0,0,0.7587056447267695
E01008723,8,0,0,0.5333033910471339
E01008724,3,0,0,0.7768004523457135
E01008725,8,0,0,0.5354475847027887
E01008726,8,0,0,0.6402549786114409
E01008727,9,0,0,0.5523252400968445
E01008728,8,0,0,0.5526268834202273
E01008729,3,0,0,0.6414751557671107
E01008730,3,0,0,0.6197693222494637
E01008731,3,0,0,0.6677298788408352
E01008732,3,0,0,0.5816384445545897
E01008733,3,0,0,0.5226822818553102
E01008734,3,0,0,0.5219532005400174
E01008735,11,0,0,0.8721342459229592
E01008736,11,0,0,0.38449573463704817
E01008737,7,0,0,0.6573270953043606
E01008738,7,0,0,0.8030947354633475
E01008739,7,0,0,0.513515195008431
E01008740,7,0,0,0.7126351715228058
E01008741,3,0,0,0.4084535376621431
E01008742,4,0,0,0.4868306390711424
E01008743,3,0,0,0.16546275922107231
E01008744,3,0,0,0.5032369179651623
E01008745,3,0,0,0.3760607134351914
E01008746,4,0,0,0.5242273262605733
E01008747,2,0,0,0.2134351557462778
E01008748,3,0,0,0.7694257202517556
E01008749,4,0,0,0.7310031569749411
E01008750,4,0,0,0.47944617187781524
E01008751,4,0,0,0.7474867575801357
E01008752,4,0,0,0.3872506106316883
E01008753,4,0,0,0.7521791341002102
E01008754,4,0,0,0.7431457194760046
E01008755,3,0,0,0.5656054578287921
E01008756,9,0,0,0.4434742683630339
E01008757,10,0,0,0.5183165713360417
E01008758,7,0,0,0.7226621170185135
E01008759,11,0,0,0.7875122872289015
E01008760,7,0,0,0.8196296422735188
E01008761,7,0,0,0.7560497825579613
E01008762,8,0,0,0.4146310089737912
E01008763,4,0,0,0.6421612797127854
E01008764,4,0,0,0.45527279909838336
E01008765,4,0,0,0.4796484720339288
E01008766,4,0,0,0.5890060792710827
E01008767,4,0,0,0.5470475435742718
E01008768,4,0,0,0.5919093814098014
E01008769,4,0,0,0.5599763048907789
E01008770,4,0,0,0.5272791010559922
E01008771,2,0,0,0.54640114436523
E01008772,3,0,0,0.5933390166754562
E01008773,4,0,0,0.7608120137805706
E01008774,6,0,0,0.6756275130620295
E01008775,4,0,0,0.5347042367947756
E01008776,3,0,0,0.7388835369364588
E01008777,4,0,0,0.5988454182467022
E01008778,7,0,0,0.7432869421357571
E01008779,7,0,0,0.5485011980799698
E01008780,3,0,0,0.5679578811588595
E01008781,7,0,0,0.6664394125460196
E01008782,7,0,0,0.49637003253937584
E01008783,5,0,0,0.4678182385972319
E01008784,5,0,0,0.5987932074636428
E01008785,4,0,0,0.49472522205110436
E01008786,10,0,0,0.5741116749520223
E01008787,10,0,0,0.5284083411446308
E01008788,10,0,0,0.6005844371988585
E01008789,12,0,0,0.5368536574346578
E01008790,10,0,0,0.48879236713492863
E01008791,11,0,0,0.5329247462578854
E01008792,8,0,0,0.8514415074512866
E01008793,4,0,0,0.6477525611941767
E01008795,4,0,0,0.5037940404210798
E01008796,4,0,0,0.6398981938033921
E01008797,4,0,0,0.446494789281819
E01008799,2,0,0,0.4604383935428579
E01008800,3,0,0,0.6483854414246164
E01008801,5,0,0,0.6460292694984865
E01008802,4,0,0,0.37580472727799813
E01008803,8,0,0,0.7211627965579495
E01008804,3,0,0,0.6600774487347147
E01008805,4,0,0,0.6914594845804223
E01008808,4,0,0,0.37730510998118033
E01008809,4,0,0,0.46600061040243435
E01008810,3,0,0,0.6028171052023439
E01008811,3,0,0,0.544791450374805
E01008812,6,0,0,0.5744960245383569
E01008813,7,0,0,0.6942903931917896
E01008814,3,0,0,0.49344857956046795
E01008817,8,0,0,0.6795001292299594
E01008819,8,0,0,0.7228127660106504
E01008820,8,0,0,0.547262660024644
E01008821,3,0,0,0.7557818169922219
E01008822,3,0,0,0.7057226209230666
E01008823,3,0,0,0.8501011775471892
E01008824,3,0,0,0.6819337767339091
E01008825,7,0,0,0.7054779854372332
E01008826,7,0,0,0.6774597315483053
E01008827,3,0,0,0.6956246465642533
E01008828,6,0,0,0.7927003537335192
E01008829,3,0,0,0.6522257011267566
E01008830,12,0,0,0.6507127334298802
E01008831,12,0,0,0.77427854829563
E01008832,12,0,0,0.5622182688915526
E01008833,11,0,0,0.7162083457881131
E01008834,12,0,0,0.7878491938645841
E01008835,11,0,0,0.8527448626276923
E01008836,12,0,0,0.5697012991738883
E01008837,4,0,0,0.6810055062246488
E01008838,4,0,0,0.6558140710277216
E01008839,4,0,0,0.7943561058205924
E01008840,3,0,0,0.6998780848798827
E01008841,4,0,0,0.7978700927195967
E01008842,8,0,0,0.6664101588122697
E01008843,4,0,0,0.7629169584469219
E01008844,3,0,0,0.5930149085856907
E01008845,3,0,0,0.5979060385374556
E01008846,3,0,0,0.6243813176519561
E01008847,3,0,0,0.4932125174553732
E01008848,3,0,0,0.7970004275663696
E01008849,3,0,0,0.690298275870699
E01008850,3,0,0,0.36035464561510006
E01008851,4,0,0,0.619581798445856
E01008852,5,0,0,0.6808184983813291
E01008853,3,0,0,0.5230236980642519
E01008854,3,0,0,0.5611644142234725
E01008855,3,0,0,0.18836031544399529
E01008856,4,0,0,0.6836770140442017
E01008857,4,0,0,0.7062980365494355
E01008858,8,0,0,0.7170711618701915
E01008859,3,0,0,0.42015090623847395
E01008860,8,0,0,0.4436316582611566
E01008861,4,0,0,0.546130924044126
E01008862,4,0,0,0.48391354365595535
E01008863,2,0,0,0.4486697850163088
E01008864,4,0,0,0.44836373844939864
E01008865,3,0,0,0.154183684039251
E01008866,4,0,0,0.49347551742363854
E01008867,3,0,0,0.556475684969651
E01008868,4,0,0,0.719098391542136
E01008869,4,0,0,0.7047618838272686
E01008870,4,0,0,0.5295928727862513
E01008871,3,0,0,0.4794330945115857
E01008872,4,0,0,0.4982997655448117
E01008873,3,0,0,0.340307400826056
E01008874,3,0,0,0.4148252297802548
E01008875,3,0,0,0.42865308442076094
E01008876,4,0,0,0.7169432396598259
E01008877,4,0,0,0.5329451879998396
E01008878,3,0,0,0.3869337263611
E01008879,3,0,0,0.23369769671969473
E01008880,3,0,0,0.43559857692217663
E01032483,3,0,0,0.22651136118786758
E01032484,3,0,0,0.4895338281176995
E01032647,4,0,0,0.6547869477731029
E01032648,4,0,0,0.6466671771670965
E01032649,5,0,0,0.497231547824014
E01032650,8,0,0,0.9281216444864888
E01033074,6,0,0,0.6115025027411154
E01033075,8,0,0,0.6185582995824991
E01033076,4,0,0,0.5685833631229794
E01033077,4,0,0,0.7290787580544604
E01033543,12,0,0,0.694914982506428
E01033545,12,0,0,0.4585644472845875
E01033547,11,0,0,0.6736712334523017
E01033548,11,0,0,0.8778113533598075
E01033550,8,0,0,0.5938035860986316
E01033551,4,0,0,0.5925662316627822
E01033553,12,0,0,0.751045994401801
E01033554,12,0,0,0.5090566400588499
E01033556,12,0,0,0.7515832042721255
